filed_affidavit,counter_affidavit
affidavit deposition testimony declaration statement court judge lawyer plaintiff defendant witness evidence fact truth lie perjury,I deny the allegations made in the filed affidavit.
affidavit deposition testimony declaration statement court judge lawyer plaintiff defendant witness evidence fact truth lie perjury,I deny the allegations made in the filed affidavit.
affidavit deposition testimony declaration statement court judge lawyer plaintiff defendant witness evidence fact truth lie perjury,I deny the allegations made in the filed affidavit.
affidavit deposition testimony declaration statement court judge lawyer plaintiff defendant witness evidence fact truth lie perjury,I deny the allegations made in the filed affidavit.
affidavit deposition testimony declaration statement court judge lawyer plaintiff defendant witness evidence fact truth lie perjury,I deny the allegations made in the filed affidavit.
affidavit deposition testimony declaration statement court judge lawyer plaintiff defendant witness evidence fact truth lie perjury,I deny the allegations made in the filed affidavit.
affidavit deposition testimony declaration statement court judge lawyer plaintiff defendant witness evidence fact truth lie perjury,I deny the allegations made in the filed affidavit.
affidavit deposition testimony declaration statement court judge lawyer plaintiff defendant witness evidence fact truth lie perjury,I deny the allegations made in the filed affidavit.
affidavit deposition testimony declaration statement court judge lawyer plaintiff defendant witness evidence fact truth lie perjury,I deny the allegations made in the filed affidavit.
affidavit deposition testimony declaration statement court judge lawyer plaintiff defendant witness evidence fact truth lie perjury,I deny the allegations made in the filed affidavit.
affidavit deposition testimony declaration statement court judge lawyer plaintiff defendant witness evidence fact truth lie perjury,I deny the allegations made in the filed affidavit.
affidavit deposition testimony declaration statement court judge lawyer plaintiff defendant witness evidence fact truth lie perjury,I deny the allegations made in the filed affidavit.
affidavit deposition testimony declaration statement court judge lawyer plaintiff defendant witness evidence fact truth lie perjury,I deny the allegations made in the filed affidavit.
affidavit deposition testimony declaration statement court judge lawyer plaintiff defendant witness evidence fact truth lie perjury,I deny the allegations made in the filed affidavit.
affidavit deposition testimony declaration statement court judge lawyer plaintiff defendant witness evidence fact truth lie perjury,I deny the allegations made in the filed affidavit.
affidavit deposition testimony declaration statement court judge lawyer plaintiff defendant witness evidence fact truth lie perjury,I deny the allegations made in the filed affidavit.
affidavit deposition testimony declaration statement court judge lawyer plaintiff defendant witness evidence fact truth lie perjury,I deny the allegations made in the filed affidavit.
affidavit deposition testimony declaration statement court judge lawyer plaintiff defendant witness evidence fact truth lie perjury,I deny the allegations made in the filed affidavit.
affidavit deposition testimony declaration statement court judge lawyer plaintiff defendant witness evidence fact truth lie perjury,I deny the allegations made in the filed affidavit.
affidavit deposition testimony declaration statement court judge lawyer plaintiff defendant witness evidence fact truth lie perjury,I deny the allegations made in the filed affidavit.
affidavit deposition testimony declaration statement court judge lawyer plaintiff defendant witness evidence fact truth lie perjury,I deny the allegations made in the filed affidavit.
affidavit deposition testimony declaration statement court judge lawyer plaintiff defendant witness evidence fact truth lie perjury,I deny the allegations made in the filed affidavit.
affidavit deposition testimony declaration statement court judge lawyer plaintiff defendant witness evidence fact truth lie perjury,I deny the allegations made in the filed affidavit.
affidavit deposition testimony declaration statement court judge lawyer plaintiff defendant witness evidence fact truth lie perjury,I deny the allegations made in the filed affidavit.
affidavit deposition testimony declaration statement court judge lawyer plaintiff defendant witness evidence fact truth lie perjury,I deny the allegations made in the filed affidavit.
affidavit deposition testimony declaration statement court judge lawyer plaintiff defendant witness evidence fact truth lie perjury,I deny the allegations made in the filed affidavit.
affidavit deposition testimony declaration statement court judge lawyer plaintiff defendant witness evidence fact truth lie perjury,I deny the allegations made in the filed affidavit.
affidavit deposition testimony declaration statement court judge lawyer plaintiff defendant witness evidence fact truth lie perjury,I deny the allegations made in the filed affidavit.
affidavit deposition testimony declaration statement court judge lawyer plaintiff defendant witness evidence fact truth lie perjury,I deny the allegations made in the filed affidavit.
affidavit deposition testimony declaration statement court judge lawyer plaintiff defendant witness evidence fact truth lie perjury,I deny the allegations made in the filed affidavit.
affidavit deposition testimony declaration statement court judge lawyer plaintiff defendant witness evidence fact truth lie perjury,I deny the allegations made in the filed affidavit.
affidavit deposition testimony declaration statement court judge lawyer plaintiff defendant witness evidence fact truth lie perjury,I deny the allegations made in the filed affidavit.
affidavit deposition testimony declaration statement court judge lawyer plaintiff defendant witness evidence fact truth lie perjury,I deny the allegations made in the filed affidavit.
affidavit deposition testimony declaration statement court judge lawyer plaintiff defendant witness evidence fact truth lie perjury,I deny the allegations made in the filed affidavit.
affidavit deposition testimony declaration statement court judge lawyer plaintiff defendant witness evidence fact truth lie perjury,I deny the allegations made in the filed affidavit.
affidavit deposition testimony declaration statement court judge lawyer plaintiff defendant witness evidence fact truth lie perjury,I deny the allegations made in the filed affidavit.
affidavit deposition testimony declaration statement court judge lawyer plaintiff defendant witness evidence fact truth lie perjury,I deny the allegations made in the filed affidavit.
affidavit deposition testimony declaration statement court judge lawyer plaintiff defendant witness evidence fact truth lie perjury,I deny the allegations made in the filed affidavit.
affidavit deposition testimony declaration statement court judge lawyer plaintiff defendant witness evidence fact truth lie perjury,I deny the allegations made in the filed affidavit.
affidavit deposition testimony declaration statement court judge lawyer plaintiff defendant witness evidence fact truth lie perjury,I deny the allegations made in the filed affidavit.
affidavit deposition testimony declaration statement court judge lawyer plaintiff defendant witness evidence fact truth lie perjury,I deny the allegations made in the filed affidavit.
affidavit deposition testimony declaration statement court judge lawyer plaintiff defendant witness evidence fact truth lie perjury,I deny the allegations made in the filed affidavit.
affidavit deposition testimony declaration statement court judge lawyer plaintiff defendant witness evidence fact truth lie perjury,I deny the allegations made in the filed affidavit.
affidavit deposition testimony declaration statement court judge lawyer plaintiff defendant witness evidence fact truth lie perjury,I deny the allegations made in the filed affidavit.
affidavit deposition testimony declaration statement court judge lawyer plaintiff defendant witness evidence fact truth lie perjury,I deny the allegations made in the filed affidavit.
affidavit deposition testimony declaration statement court judge lawyer plaintiff defendant witness evidence fact truth lie perjury,I deny the allegations made in the filed affidavit.
affidavit deposition testimony declaration statement court judge lawyer plaintiff defendant witness evidence fact truth lie perjury,I deny the allegations made in the filed affidavit.
affidavit deposition testimony declaration statement court judge lawyer plaintiff defendant witness evidence fact truth lie perjury,I deny the allegations made in the filed affidavit.
affidavit deposition testimony declaration statement court judge lawyer plaintiff defendant witness evidence fact truth lie perjury,I deny the allegations made in the filed affidavit.
affidavit deposition testimony declaration statement court judge lawyer plaintiff defendant witness evidence fact truth lie perjury,I deny the allegations made in the filed affidavit.
affidavit deposition testimony declaration statement court judge lawyer plaintiff defendant witness evidence fact truth lie perjury,I deny the allegations made in the filed affidavit.
affidavit deposition testimony declaration statement court judge lawyer plaintiff defendant witness evidence fact truth lie perjury,I deny the allegations made in the filed affidavit.
affidavit deposition testimony declaration statement court judge lawyer plaintiff defendant witness evidence fact truth lie perjury,I deny the allegations made in the filed affidavit.
affidavit deposition testimony declaration statement court judge lawyer plaintiff defendant witness evidence fact truth lie perjury,I deny the allegations made in the filed affidavit.
affidavit deposition testimony declaration statement court judge lawyer plaintiff defendant witness evidence fact truth lie perjury,I deny the allegations made in the filed affidavit.
affidavit deposition testimony declaration statement court judge lawyer plaintiff defendant witness evidence fact truth lie perjury,I deny the allegations made in the filed affidavit.
affidavit deposition testimony declaration statement court judge lawyer plaintiff defendant witness evidence fact truth lie perjury,I deny the allegations made in the filed affidavit.
affidavit deposition testimony declaration statement court judge lawyer plaintiff defendant witness evidence fact truth lie perjury,I deny the allegations made in the filed affidavit.
affidavit deposition testimony declaration statement court judge lawyer plaintiff defendant witness evidence fact truth lie perjury,I deny the allegations made in the filed affidavit.
affidavit deposition testimony declaration statement court judge lawyer plaintiff defendant witness evidence fact truth lie perjury,I deny the allegations made in the filed affidavit.
affidavit deposition testimony declaration statement court judge lawyer plaintiff defendant witness evidence fact truth lie perjury,I deny the allegations made in the filed affidavit.
affidavit deposition testimony declaration statement court judge lawyer plaintiff defendant witness evidence fact truth lie perjury,I deny the allegations made in the filed affidavit.
affidavit deposition testimony declaration statement court judge lawyer plaintiff defendant witness evidence fact truth lie perjury,I deny the allegations made in the filed affidavit.
affidavit deposition testimony declaration statement court judge lawyer plaintiff defendant witness evidence fact truth lie perjury,I deny the allegations made in the filed affidavit.
affidavit deposition testimony declaration statement court judge lawyer plaintiff defendant witness evidence fact truth lie perjury,I deny the allegations made in the filed affidavit.
affidavit deposition testimony declaration statement court judge lawyer plaintiff defendant witness evidence fact truth lie perjury,I deny the allegations made in the filed affidavit.
affidavit deposition testimony declaration statement court judge lawyer plaintiff defendant witness evidence fact truth lie perjury,I deny the allegations made in the filed affidavit.
affidavit deposition testimony declaration statement court judge lawyer plaintiff defendant witness evidence fact truth lie perjury,I deny the allegations made in the filed affidavit.
affidavit deposition testimony declaration statement court judge lawyer plaintiff defendant witness evidence fact truth lie perjury,I deny the allegations made in the filed affidavit.
affidavit deposition testimony declaration statement court judge lawyer plaintiff defendant witness evidence fact truth lie perjury,I deny the allegations made in the filed affidavit.
affidavit deposition testimony declaration statement court judge lawyer plaintiff defendant witness evidence fact truth lie perjury,I deny the allegations made in the filed affidavit.
affidavit deposition testimony declaration statement court judge lawyer plaintiff defendant witness evidence fact truth lie perjury,I deny the allegations made in the filed affidavit.
affidavit deposition testimony declaration statement court judge lawyer plaintiff defendant witness evidence fact truth lie perjury,I deny the allegations made in the filed affidavit.
affidavit deposition testimony declaration statement court judge lawyer plaintiff defendant witness evidence fact truth lie perjury,I deny the allegations made in the filed affidavit.
affidavit deposition testimony declaration statement court judge lawyer plaintiff defendant witness evidence fact truth lie perjury,I deny the allegations made in the filed affidavit.
affidavit deposition testimony declaration statement court judge lawyer plaintiff defendant witness evidence fact truth lie perjury,I deny the allegations made in the filed affidavit.
affidavit deposition testimony declaration statement court judge lawyer plaintiff defendant witness evidence fact truth lie perjury,I deny the allegations made in the filed affidavit.
affidavit deposition testimony declaration statement court judge lawyer plaintiff defendant witness evidence fact truth lie perjury,I deny the allegations made in the filed affidavit.
affidavit deposition testimony declaration statement court judge lawyer plaintiff defendant witness evidence fact truth lie perjury,I deny the allegations made in the filed affidavit.
affidavit deposition testimony declaration statement court judge lawyer plaintiff defendant witness evidence fact truth lie perjury,I deny the allegations made in the filed affidavit.
affidavit deposition testimony declaration statement court judge lawyer plaintiff defendant witness evidence fact truth lie perjury,I deny the allegations made in the filed affidavit.
affidavit deposition testimony declaration statement court judge lawyer plaintiff defendant witness evidence fact truth lie perjury,I deny the allegations made in the filed affidavit.
affidavit deposition testimony declaration statement court judge lawyer plaintiff defendant witness evidence fact truth lie perjury,I deny the allegations made in the filed affidavit.
affidavit deposition testimony declaration statement court judge lawyer plaintiff defendant witness evidence fact truth lie perjury,I deny the allegations made in the filed affidavit.
affidavit deposition testimony declaration statement court judge lawyer plaintiff defendant witness evidence fact truth lie perjury,I deny the allegations made in the filed affidavit.
affidavit deposition testimony declaration statement court judge lawyer plaintiff defendant witness evidence fact truth lie perjury,I deny the allegations made in the filed affidavit.
affidavit deposition testimony declaration statement court judge lawyer plaintiff defendant witness evidence fact truth lie perjury,I deny the allegations made in the filed affidavit.
affidavit deposition testimony declaration statement court judge lawyer plaintiff defendant witness evidence fact truth lie perjury,I deny the allegations made in the filed affidavit.
affidavit deposition testimony declaration statement court judge lawyer plaintiff defendant witness evidence fact truth lie perjury,I deny the allegations made in the filed affidavit.
affidavit deposition testimony declaration statement court judge lawyer plaintiff defendant witness evidence fact truth lie perjury,I deny the allegations made in the filed affidavit.
affidavit deposition testimony declaration statement court judge lawyer plaintiff defendant witness evidence fact truth lie perjury,I deny the allegations made in the filed affidavit.
affidavit deposition testimony declaration statement court judge lawyer plaintiff defendant witness evidence fact truth lie perjury,I deny the allegations made in the filed affidavit.
affidavit deposition testimony declaration statement court judge lawyer plaintiff defendant witness evidence fact truth lie perjury,I deny the allegations made in the filed affidavit.
affidavit deposition testimony declaration statement court judge lawyer plaintiff defendant witness evidence fact truth lie perjury,I deny the allegations made in the filed affidavit.
affidavit deposition testimony declaration statement court judge lawyer plaintiff defendant witness evidence fact truth lie perjury,I deny the allegations made in the filed affidavit.
affidavit deposition testimony declaration statement court judge lawyer plaintiff defendant witness evidence fact truth lie perjury,I deny the allegations made in the filed affidavit.
affidavit deposition testimony declaration statement court judge lawyer plaintiff defendant witness evidence fact truth lie perjury,I deny the allegations made in the filed affidavit.
affidavit deposition testimony declaration statement court judge lawyer plaintiff defendant witness evidence fact truth lie perjury,I deny the allegations made in the filed affidavit.
affidavit deposition testimony declaration statement court judge lawyer plaintiff defendant witness evidence fact truth lie perjury,I deny the allegations made in the filed affidavit.
affidavit deposition testimony declaration statement court judge lawyer plaintiff defendant witness evidence fact truth lie perjury,I deny the allegations made in the filed affidavit.
